window_id,symbol,window_start_utc,window_end_utc,point_count
btcusdt_0001,BTCUSDT,2026-02-01T00:00:00Z,2026-02-01T10:39:00Z,640
btcusdt_0002,BTCUSDT,2026-02-01T02:08:00Z,2026-02-01T12:47:00Z,640
btcusdt_0003,BTCUSDT,2026-02-01T04:16:00Z,2026-02-01T14:55:00Z,640
btcusdt_0004,BTCUSDT,2026-02-01T06:24:00Z,2026-02-01T17:03:00Z,640
btcusdt_0005,BTCUSDT,2026-02-01T08:32:00Z,2026-02-01T19:11:00Z,640
btcusdt_0006,BTCUSDT,2026-02-01T10:40:00Z,2026-02-01T21:19:00Z,640
btcusdt_0007,BTCUSDT,2026-02-01T12:48:00Z,2026-02-01T23:27:00Z,640
btcusdt_0008,BTCUSDT,2026-02-01T14:56:00Z,2026-02-02T01:35:00Z,640
btcusdt_0009,BTCUSDT,2026-02-01T17:04:00Z,2026-02-02T03:43:00Z,640
btcusdt_0010,BTCUSDT,2026-02-01T19:12:00Z,2026-02-02T05:51:00Z,640
btcusdt_0011,BTCUSDT,2026-02-01T21:20:00Z,2026-02-02T07:59:00Z,640
btcusdt_0012,BTCUSDT,2026-02-01T23:28:00Z,2026-02-02T10:07:00Z,640
btcusdt_0013,BTCUSDT,2026-02-02T01:36:00Z,2026-02-02T12:15:00Z,640
btcusdt_0014,BTCUSDT,2026-02-02T03:44:00Z,2026-02-02T14:23:00Z,640
btcusdt_0015,BTCUSDT,2026-02-02T05:52:00Z,2026-02-02T16:31:00Z,640
btcusdt_0016,BTCUSDT,2026-02-02T08:00:00Z,2026-02-02T18:39:00Z,640
btcusdt_0017,BTCUSDT,2026-02-02T10:08:00Z,2026-02-02T20:47:00Z,640
btcusdt_0018,BTCUSDT,2026-02-02T12:16:00Z,2026-02-02T22:55:00Z,640
btcusdt_0019,BTCUSDT,2026-02-02T14:24:00Z,2026-02-03T01:03:00Z,640
btcusdt_0020,BTCUSDT,2026-02-02T16:32:00Z,2026-02-03T03:11:00Z,640
btcusdt_0021,BTCUSDT,2026-02-02T18:40:00Z,2026-02-03T05:19:00Z,640
btcusdt_0022,BTCUSDT,2026-02-02T20:48:00Z,2026-02-03T07:27:00Z,640
btcusdt_0023,BTCUSDT,2026-02-02T22:56:00Z,2026-02-03T09:35:00Z,640
btcusdt_0024,BTCUSDT,2026-02-03T01:04:00Z,2026-02-03T11:43:00Z,640
btcusdt_0025,BTCUSDT,2026-02-03T03:12:00Z,2026-02-03T13:51:00Z,640
btcusdt_0026,BTCUSDT,2026-02-03T05:20:00Z,2026-02-03T15:59:00Z,640
btcusdt_0027,BTCUSDT,2026-02-03T07:28:00Z,2026-02-03T18:07:00Z,640
btcusdt_0028,BTCUSDT,2026-02-03T09:36:00Z,2026-02-03T20:15:00Z,640
btcusdt_0029,BTCUSDT,2026-02-03T11:44:00Z,2026-02-03T22:23:00Z,640
btcusdt_0030,BTCUSDT,2026-02-03T13:52:00Z,2026-02-04T00:31:00Z,640
btcusdt_0031,BTCUSDT,2026-02-03T16:00:00Z,2026-02-04T02:39:00Z,640
btcusdt_0032,BTCUSDT,2026-02-03T18:08:00Z,2026-02-04T04:47:00Z,640
btcusdt_0033,BTCUSDT,2026-02-03T20:16:00Z,2026-02-04T06:55:00Z,640
btcusdt_0034,BTCUSDT,2026-02-03T22:24:00Z,2026-02-04T09:03:00Z,640
btcusdt_0035,BTCUSDT,2026-02-04T00:32:00Z,2026-02-04T11:11:00Z,640
btcusdt_0036,BTCUSDT,2026-02-04T02:40:00Z,2026-02-04T13:19:00Z,640
btcusdt_0037,BTCUSDT,2026-02-04T04:48:00Z,2026-02-04T15:27:00Z,640
btcusdt_0038,BTCUSDT,2026-02-04T06:56:00Z,2026-02-04T17:35:00Z,640
btcusdt_0039,BTCUSDT,2026-02-04T09:04:00Z,2026-02-04T19:43:00Z,640
btcusdt_0040,BTCUSDT,2026-02-04T11:12:00Z,2026-02-04T21:51:00Z,640
btcusdt_0041,BTCUSDT,2026-02-04T13:20:00Z,2026-02-04T23:59:00Z,640
btcusdt_0042,BTCUSDT,2026-02-04T15:28:00Z,2026-02-05T02:07:00Z,640
btcusdt_0043,BTCUSDT,2026-02-04T17:36:00Z,2026-02-05T04:15:00Z,640
btcusdt_0044,BTCUSDT,2026-02-04T19:44:00Z,2026-02-05T06:23:00Z,640
btcusdt_0045,BTCUSDT,2026-02-04T21:52:00Z,2026-02-05T08:31:00Z,640
btcusdt_0046,BTCUSDT,2026-02-05T00:00:00Z,2026-02-05T10:39:00Z,640
btcusdt_0047,BTCUSDT,2026-02-05T02:08:00Z,2026-02-05T12:47:00Z,640
btcusdt_0048,BTCUSDT,2026-02-05T04:16:00Z,2026-02-05T14:55:00Z,640
btcusdt_0049,BTCUSDT,2026-02-05T06:24:00Z,2026-02-05T17:03:00Z,640
btcusdt_0050,BTCUSDT,2026-02-05T08:32:00Z,2026-02-05T19:11:00Z,640
btcusdt_0051,BTCUSDT,2026-02-05T10:40:00Z,2026-02-05T21:19:00Z,640
btcusdt_0052,BTCUSDT,2026-02-05T12:48:00Z,2026-02-05T23:27:00Z,640
btcusdt_0053,BTCUSDT,2026-02-05T14:56:00Z,2026-02-06T01:35:00Z,640
btcusdt_0054,BTCUSDT,2026-02-05T17:04:00Z,2026-02-06T03:43:00Z,640
btcusdt_0055,BTCUSDT,2026-02-05T19:12:00Z,2026-02-06T05:51:00Z,640
btcusdt_0056,BTCUSDT,2026-02-05T21:20:00Z,2026-02-06T07:59:00Z,640
btcusdt_0057,BTCUSDT,2026-02-05T23:28:00Z,2026-02-06T10:07:00Z,640
btcusdt_0058,BTCUSDT,2026-02-06T01:36:00Z,2026-02-06T12:15:00Z,640
btcusdt_0059,BTCUSDT,2026-02-06T03:44:00Z,2026-02-06T14:23:00Z,640
btcusdt_0060,BTCUSDT,2026-02-06T05:52:00Z,2026-02-06T16:31:00Z,640
btcusdt_0061,BTCUSDT,2026-02-06T08:00:00Z,2026-02-06T18:39:00Z,640
btcusdt_0062,BTCUSDT,2026-02-06T10:08:00Z,2026-02-06T20:47:00Z,640
btcusdt_0063,BTCUSDT,2026-02-06T12:16:00Z,2026-02-06T22:55:00Z,640
btcusdt_0064,BTCUSDT,2026-02-06T14:24:00Z,2026-02-07T01:03:00Z,640
btcusdt_0065,BTCUSDT,2026-02-06T16:32:00Z,2026-02-07T03:11:00Z,640
btcusdt_0066,BTCUSDT,2026-02-06T18:40:00Z,2026-02-07T05:19:00Z,640
btcusdt_0067,BTCUSDT,2026-02-06T20:48:00Z,2026-02-07T07:27:00Z,640
btcusdt_0068,BTCUSDT,2026-02-06T22:56:00Z,2026-02-07T09:35:00Z,640
btcusdt_0069,BTCUSDT,2026-02-07T01:04:00Z,2026-02-07T11:43:00Z,640
btcusdt_0070,BTCUSDT,2026-02-07T03:12:00Z,2026-02-07T13:51:00Z,640
btcusdt_0071,BTCUSDT,2026-02-07T05:20:00Z,2026-02-07T15:59:00Z,640
btcusdt_0072,BTCUSDT,2026-02-07T07:28:00Z,2026-02-07T18:07:00Z,640
btcusdt_0073,BTCUSDT,2026-02-07T09:36:00Z,2026-02-07T20:15:00Z,640
btcusdt_0074,BTCUSDT,2026-02-07T11:44:00Z,2026-02-07T22:23:00Z,640
btcusdt_0075,BTCUSDT,2026-02-07T13:52:00Z,2026-02-08T00:31:00Z,640
btcusdt_0076,BTCUSDT,2026-02-07T16:00:00Z,2026-02-08T02:39:00Z,640
btcusdt_0077,BTCUSDT,2026-02-07T18:08:00Z,2026-02-08T04:47:00Z,640
btcusdt_0078,BTCUSDT,2026-02-07T20:16:00Z,2026-02-08T06:55:00Z,640
btcusdt_0079,BTCUSDT,2026-02-07T22:24:00Z,2026-02-08T09:03:00Z,640
btcusdt_0080,BTCUSDT,2026-02-08T00:32:00Z,2026-02-08T11:11:00Z,640
btcusdt_0081,BTCUSDT,2026-02-08T02:40:00Z,2026-02-08T13:19:00Z,640
btcusdt_0082,BTCUSDT,2026-02-08T04:48:00Z,2026-02-08T15:27:00Z,640
btcusdt_0083,BTCUSDT,2026-02-08T06:56:00Z,2026-02-08T17:35:00Z,640
btcusdt_0084,BTCUSDT,2026-02-08T09:04:00Z,2026-02-08T19:43:00Z,640
btcusdt_0085,BTCUSDT,2026-02-08T11:12:00Z,2026-02-08T21:51:00Z,640
btcusdt_0086,BTCUSDT,2026-02-08T13:20:00Z,2026-02-08T23:59:00Z,640
btcusdt_0087,BTCUSDT,2026-02-08T15:28:00Z,2026-02-09T02:07:00Z,640
btcusdt_0088,BTCUSDT,2026-02-08T17:36:00Z,2026-02-09T04:15:00Z,640
btcusdt_0089,BTCUSDT,2026-02-08T19:44:00Z,2026-02-09T06:23:00Z,640
btcusdt_0090,BTCUSDT,2026-02-08T21:52:00Z,2026-02-09T08:31:00Z,640
btcusdt_0091,BTCUSDT,2026-02-09T00:00:00Z,2026-02-09T10:39:00Z,640
btcusdt_0092,BTCUSDT,2026-02-09T02:08:00Z,2026-02-09T12:47:00Z,640
btcusdt_0093,BTCUSDT,2026-02-09T04:16:00Z,2026-02-09T14:55:00Z,640
btcusdt_0094,BTCUSDT,2026-02-09T06:24:00Z,2026-02-09T17:03:00Z,640
btcusdt_0095,BTCUSDT,2026-02-09T08:32:00Z,2026-02-09T19:11:00Z,640
btcusdt_0096,BTCUSDT,2026-02-09T10:40:00Z,2026-02-09T21:19:00Z,640
btcusdt_0097,BTCUSDT,2026-02-09T12:48:00Z,2026-02-09T23:27:00Z,640
btcusdt_0098,BTCUSDT,2026-02-09T14:56:00Z,2026-02-10T01:35:00Z,640
btcusdt_0099,BTCUSDT,2026-02-09T17:04:00Z,2026-02-10T03:43:00Z,640
btcusdt_0100,BTCUSDT,2026-02-09T19:12:00Z,2026-02-10T05:51:00Z,640
btcusdt_0101,BTCUSDT,2026-02-09T21:20:00Z,2026-02-10T07:59:00Z,640
btcusdt_0102,BTCUSDT,2026-02-09T23:28:00Z,2026-02-10T10:07:00Z,640
btcusdt_0103,BTCUSDT,2026-02-10T01:36:00Z,2026-02-10T12:15:00Z,640
btcusdt_0104,BTCUSDT,2026-02-10T03:44:00Z,2026-02-10T14:23:00Z,640
btcusdt_0105,BTCUSDT,2026-02-10T05:52:00Z,2026-02-10T16:31:00Z,640
btcusdt_0106,BTCUSDT,2026-02-10T08:00:00Z,2026-02-10T18:39:00Z,640
btcusdt_0107,BTCUSDT,2026-02-10T10:08:00Z,2026-02-10T20:47:00Z,640
btcusdt_0108,BTCUSDT,2026-02-10T12:16:00Z,2026-02-10T22:55:00Z,640
btcusdt_0109,BTCUSDT,2026-02-10T14:24:00Z,2026-02-11T01:03:00Z,640
btcusdt_0110,BTCUSDT,2026-02-10T16:32:00Z,2026-02-11T03:11:00Z,640
btcusdt_0111,BTCUSDT,2026-02-10T18:40:00Z,2026-02-11T05:19:00Z,640
btcusdt_0112,BTCUSDT,2026-02-10T20:48:00Z,2026-02-11T07:27:00Z,640
btcusdt_0113,BTCUSDT,2026-02-10T22:56:00Z,2026-02-11T09:35:00Z,640
btcusdt_0114,BTCUSDT,2026-02-11T01:04:00Z,2026-02-11T11:43:00Z,640
btcusdt_0115,BTCUSDT,2026-02-11T03:12:00Z,2026-02-11T13:51:00Z,640
btcusdt_0116,BTCUSDT,2026-02-11T05:20:00Z,2026-02-11T15:59:00Z,640
btcusdt_0117,BTCUSDT,2026-02-11T07:28:00Z,2026-02-11T18:07:00Z,640
btcusdt_0118,BTCUSDT,2026-02-11T09:36:00Z,2026-02-11T20:15:00Z,640
btcusdt_0119,BTCUSDT,2026-02-11T11:44:00Z,2026-02-11T22:23:00Z,640
btcusdt_0120,BTCUSDT,2026-02-11T13:52:00Z,2026-02-12T00:31:00Z,640
btcusdt_0121,BTCUSDT,2026-02-11T16:00:00Z,2026-02-12T02:39:00Z,640
btcusdt_0122,BTCUSDT,2026-02-11T18:08:00Z,2026-02-12T04:47:00Z,640
btcusdt_0123,BTCUSDT,2026-02-11T20:16:00Z,2026-02-12T06:55:00Z,640
btcusdt_0124,BTCUSDT,2026-02-11T22:24:00Z,2026-02-12T09:03:00Z,640
btcusdt_0125,BTCUSDT,2026-02-12T00:32:00Z,2026-02-12T11:11:00Z,640
btcusdt_0126,BTCUSDT,2026-02-12T02:40:00Z,2026-02-12T13:19:00Z,640
btcusdt_0127,BTCUSDT,2026-02-12T04:48:00Z,2026-02-12T15:27:00Z,640
btcusdt_0128,BTCUSDT,2026-02-12T06:56:00Z,2026-02-12T17:35:00Z,640
btcusdt_0129,BTCUSDT,2026-02-12T09:04:00Z,2026-02-12T19:43:00Z,640
btcusdt_0130,BTCUSDT,2026-02-12T11:12:00Z,2026-02-12T21:51:00Z,640
btcusdt_0131,BTCUSDT,2026-02-12T13:20:00Z,2026-02-12T23:59:00Z,640
btcusdt_0132,BTCUSDT,2026-02-12T15:28:00Z,2026-02-13T02:07:00Z,640
btcusdt_0133,BTCUSDT,2026-02-12T17:36:00Z,2026-02-13T04:15:00Z,640
btcusdt_0134,BTCUSDT,2026-02-12T19:44:00Z,2026-02-13T06:23:00Z,640
btcusdt_0135,BTCUSDT,2026-02-12T21:52:00Z,2026-02-13T08:31:00Z,640
btcusdt_0136,BTCUSDT,2026-02-13T00:00:00Z,2026-02-13T10:39:00Z,640
btcusdt_0137,BTCUSDT,2026-02-13T02:08:00Z,2026-02-13T12:47:00Z,640
btcusdt_0138,BTCUSDT,2026-02-13T04:16:00Z,2026-02-13T14:55:00Z,640
btcusdt_0139,BTCUSDT,2026-02-13T06:24:00Z,2026-02-13T17:03:00Z,640
btcusdt_0140,BTCUSDT,2026-02-13T08:32:00Z,2026-02-13T19:11:00Z,640
btcusdt_0141,BTCUSDT,2026-02-13T10:40:00Z,2026-02-13T21:19:00Z,640
btcusdt_0142,BTCUSDT,2026-02-13T12:48:00Z,2026-02-13T23:27:00Z,640
btcusdt_0143,BTCUSDT,2026-02-13T14:56:00Z,2026-02-14T01:35:00Z,640
btcusdt_0144,BTCUSDT,2026-02-13T17:04:00Z,2026-02-14T03:43:00Z,640
btcusdt_0145,BTCUSDT,2026-02-13T19:12:00Z,2026-02-14T05:51:00Z,640
btcusdt_0146,BTCUSDT,2026-02-13T21:20:00Z,2026-02-14T07:59:00Z,640
btcusdt_0147,BTCUSDT,2026-02-13T23:28:00Z,2026-02-14T10:07:00Z,640
btcusdt_0148,BTCUSDT,2026-02-14T01:36:00Z,2026-02-14T12:15:00Z,640
btcusdt_0149,BTCUSDT,2026-02-14T03:44:00Z,2026-02-14T14:23:00Z,640
btcusdt_0150,BTCUSDT,2026-02-14T05:52:00Z,2026-02-14T16:31:00Z,640
btcusdt_0151,BTCUSDT,2026-02-14T08:00:00Z,2026-02-14T18:39:00Z,640
btcusdt_0152,BTCUSDT,2026-02-14T10:08:00Z,2026-02-14T20:47:00Z,640
btcusdt_0153,BTCUSDT,2026-02-14T12:16:00Z,2026-02-14T22:55:00Z,640
btcusdt_0154,BTCUSDT,2026-02-14T14:24:00Z,2026-02-15T01:03:00Z,640
btcusdt_0155,BTCUSDT,2026-02-14T16:32:00Z,2026-02-15T03:11:00Z,640
btcusdt_0156,BTCUSDT,2026-02-14T18:40:00Z,2026-02-15T05:19:00Z,640
btcusdt_0157,BTCUSDT,2026-02-14T20:48:00Z,2026-02-15T07:27:00Z,640
btcusdt_0158,BTCUSDT,2026-02-14T22:56:00Z,2026-02-15T09:35:00Z,640
btcusdt_0159,BTCUSDT,2026-02-15T01:04:00Z,2026-02-15T11:43:00Z,640
btcusdt_0160,BTCUSDT,2026-02-15T03:12:00Z,2026-02-15T13:51:00Z,640
btcusdt_0161,BTCUSDT,2026-02-15T05:20:00Z,2026-02-15T15:59:00Z,640
btcusdt_0162,BTCUSDT,2026-02-15T07:28:00Z,2026-02-15T18:07:00Z,640
btcusdt_0163,BTCUSDT,2026-02-15T09:36:00Z,2026-02-15T20:15:00Z,640
btcusdt_0164,BTCUSDT,2026-02-15T11:44:00Z,2026-02-15T22:23:00Z,640
btcusdt_0165,BTCUSDT,2026-02-15T13:52:00Z,2026-02-16T00:31:00Z,640
btcusdt_0166,BTCUSDT,2026-02-15T16:00:00Z,2026-02-16T02:39:00Z,640
btcusdt_0167,BTCUSDT,2026-02-15T18:08:00Z,2026-02-16T04:47:00Z,640
btcusdt_0168,BTCUSDT,2026-02-15T20:16:00Z,2026-02-16T06:55:00Z,640
btcusdt_0169,BTCUSDT,2026-02-15T22:24:00Z,2026-02-16T09:03:00Z,640
btcusdt_0170,BTCUSDT,2026-02-16T00:32:00Z,2026-02-16T11:11:00Z,640
btcusdt_0171,BTCUSDT,2026-02-16T02:40:00Z,2026-02-16T13:19:00Z,640
btcusdt_0172,BTCUSDT,2026-02-16T04:48:00Z,2026-02-16T15:27:00Z,640
btcusdt_0173,BTCUSDT,2026-02-16T06:56:00Z,2026-02-16T17:35:00Z,640
btcusdt_0174,BTCUSDT,2026-02-16T09:04:00Z,2026-02-16T19:43:00Z,640
btcusdt_0175,BTCUSDT,2026-02-16T11:12:00Z,2026-02-16T21:51:00Z,640
btcusdt_0176,BTCUSDT,2026-02-16T13:20:00Z,2026-02-16T23:59:00Z,640
btcusdt_0177,BTCUSDT,2026-02-16T15:28:00Z,2026-02-17T02:07:00Z,640
btcusdt_0178,BTCUSDT,2026-02-16T17:36:00Z,2026-02-17T04:15:00Z,640
btcusdt_0179,BTCUSDT,2026-02-16T19:44:00Z,2026-02-17T06:23:00Z,640
btcusdt_0180,BTCUSDT,2026-02-16T21:52:00Z,2026-02-17T08:31:00Z,640
btcusdt_0181,BTCUSDT,2026-02-17T00:00:00Z,2026-02-17T10:39:00Z,640
btcusdt_0182,BTCUSDT,2026-02-17T02:08:00Z,2026-02-17T12:47:00Z,640
btcusdt_0183,BTCUSDT,2026-02-17T04:16:00Z,2026-02-17T14:55:00Z,640
btcusdt_0184,BTCUSDT,2026-02-17T06:24:00Z,2026-02-17T17:03:00Z,640
btcusdt_0185,BTCUSDT,2026-02-17T08:32:00Z,2026-02-17T19:11:00Z,640
btcusdt_0186,BTCUSDT,2026-02-17T10:40:00Z,2026-02-17T21:19:00Z,640
btcusdt_0187,BTCUSDT,2026-02-17T12:48:00Z,2026-02-17T23:27:00Z,640
btcusdt_0188,BTCUSDT,2026-02-17T14:56:00Z,2026-02-18T01:35:00Z,640
btcusdt_0189,BTCUSDT,2026-02-17T17:04:00Z,2026-02-18T03:43:00Z,640
btcusdt_0190,BTCUSDT,2026-02-17T19:12:00Z,2026-02-18T05:51:00Z,640
btcusdt_0191,BTCUSDT,2026-02-17T21:20:00Z,2026-02-18T07:59:00Z,640
btcusdt_0192,BTCUSDT,2026-02-17T23:28:00Z,2026-02-18T10:07:00Z,640
btcusdt_0193,BTCUSDT,2026-02-18T01:36:00Z,2026-02-18T12:15:00Z,640
btcusdt_0194,BTCUSDT,2026-02-18T03:44:00Z,2026-02-18T14:23:00Z,640
btcusdt_0195,BTCUSDT,2026-02-18T05:52:00Z,2026-02-18T16:31:00Z,640
btcusdt_0196,BTCUSDT,2026-02-18T08:00:00Z,2026-02-18T18:39:00Z,640
btcusdt_0197,BTCUSDT,2026-02-18T10:08:00Z,2026-02-18T20:47:00Z,640
btcusdt_0198,BTCUSDT,2026-02-18T12:16:00Z,2026-02-18T22:55:00Z,640
btcusdt_0199,BTCUSDT,2026-02-18T14:24:00Z,2026-02-19T01:03:00Z,640
btcusdt_0200,BTCUSDT,2026-02-18T16:32:00Z,2026-02-19T03:11:00Z,640
btcusdt_0201,BTCUSDT,2026-02-18T18:40:00Z,2026-02-19T05:19:00Z,640
btcusdt_0202,BTCUSDT,2026-02-18T20:48:00Z,2026-02-19T07:27:00Z,640
btcusdt_0203,BTCUSDT,2026-02-18T22:56:00Z,2026-02-19T09:35:00Z,640
btcusdt_0204,BTCUSDT,2026-02-19T01:04:00Z,2026-02-19T11:43:00Z,640
btcusdt_0205,BTCUSDT,2026-02-19T03:12:00Z,2026-02-19T13:51:00Z,640
btcusdt_0206,BTCUSDT,2026-02-19T05:20:00Z,2026-02-19T15:59:00Z,640
btcusdt_0207,BTCUSDT,2026-02-19T07:28:00Z,2026-02-19T18:07:00Z,640
btcusdt_0208,BTCUSDT,2026-02-19T09:36:00Z,2026-02-19T20:15:00Z,640
btcusdt_0209,BTCUSDT,2026-02-19T11:44:00Z,2026-02-19T22:23:00Z,640
btcusdt_0210,BTCUSDT,2026-02-19T13:52:00Z,2026-02-20T00:31:00Z,640
btcusdt_0211,BTCUSDT,2026-02-19T16:00:00Z,2026-02-20T02:39:00Z,640
btcusdt_0212,BTCUSDT,2026-02-19T18:08:00Z,2026-02-20T04:47:00Z,640
btcusdt_0213,BTCUSDT,2026-02-19T20:16:00Z,2026-02-20T06:55:00Z,640
btcusdt_0214,BTCUSDT,2026-02-19T22:24:00Z,2026-02-20T09:03:00Z,640
btcusdt_0215,BTCUSDT,2026-02-20T00:32:00Z,2026-02-20T11:11:00Z,640
btcusdt_0216,BTCUSDT,2026-02-20T02:40:00Z,2026-02-20T13:19:00Z,640
btcusdt_0217,BTCUSDT,2026-02-20T04:48:00Z,2026-02-20T15:27:00Z,640
btcusdt_0218,BTCUSDT,2026-02-20T06:56:00Z,2026-02-20T17:35:00Z,640
btcusdt_0219,BTCUSDT,2026-02-20T09:04:00Z,2026-02-20T19:43:00Z,640
btcusdt_0220,BTCUSDT,2026-02-20T11:12:00Z,2026-02-20T21:51:00Z,640
btcusdt_0221,BTCUSDT,2026-02-20T13:20:00Z,2026-02-20T23:59:00Z,640
btcusdt_0222,BTCUSDT,2026-02-20T15:28:00Z,2026-02-21T02:07:00Z,640
btcusdt_0223,BTCUSDT,2026-02-20T17:36:00Z,2026-02-21T04:15:00Z,640
btcusdt_0224,BTCUSDT,2026-02-20T19:44:00Z,2026-02-21T06:23:00Z,640
btcusdt_0225,BTCUSDT,2026-02-20T21:52:00Z,2026-02-21T08:31:00Z,640
btcusdt_0226,BTCUSDT,2026-02-21T00:00:00Z,2026-02-21T10:39:00Z,640
btcusdt_0227,BTCUSDT,2026-02-21T02:08:00Z,2026-02-21T12:47:00Z,640
btcusdt_0228,BTCUSDT,2026-02-21T04:16:00Z,2026-02-21T14:55:00Z,640
btcusdt_0229,BTCUSDT,2026-02-21T06:24:00Z,2026-02-21T17:03:00Z,640
btcusdt_0230,BTCUSDT,2026-02-21T08:32:00Z,2026-02-21T19:11:00Z,640
btcusdt_0231,BTCUSDT,2026-02-21T10:40:00Z,2026-02-21T21:19:00Z,640
btcusdt_0232,BTCUSDT,2026-02-21T12:48:00Z,2026-02-21T23:27:00Z,640
btcusdt_0233,BTCUSDT,2026-02-21T14:56:00Z,2026-02-22T01:35:00Z,640
btcusdt_0234,BTCUSDT,2026-02-21T17:04:00Z,2026-02-22T03:43:00Z,640
btcusdt_0235,BTCUSDT,2026-02-21T19:12:00Z,2026-02-22T05:51:00Z,640
btcusdt_0236,BTCUSDT,2026-02-21T21:20:00Z,2026-02-22T07:59:00Z,640
btcusdt_0237,BTCUSDT,2026-02-21T23:28:00Z,2026-02-22T10:07:00Z,640
btcusdt_0238,BTCUSDT,2026-02-22T01:36:00Z,2026-02-22T12:15:00Z,640
btcusdt_0239,BTCUSDT,2026-02-22T03:44:00Z,2026-02-22T14:23:00Z,640
btcusdt_0240,BTCUSDT,2026-02-22T05:52:00Z,2026-02-22T16:31:00Z,640
btcusdt_0241,BTCUSDT,2026-02-22T08:00:00Z,2026-02-22T18:39:00Z,640
btcusdt_0242,BTCUSDT,2026-02-22T10:08:00Z,2026-02-22T20:47:00Z,640
btcusdt_0243,BTCUSDT,2026-02-22T12:16:00Z,2026-02-22T22:55:00Z,640
btcusdt_0244,BTCUSDT,2026-02-22T14:24:00Z,2026-02-23T01:03:00Z,640
btcusdt_0245,BTCUSDT,2026-02-22T16:32:00Z,2026-02-23T03:11:00Z,640
btcusdt_0246,BTCUSDT,2026-02-22T18:40:00Z,2026-02-23T05:19:00Z,640
btcusdt_0247,BTCUSDT,2026-02-22T20:48:00Z,2026-02-23T07:27:00Z,640
btcusdt_0248,BTCUSDT,2026-02-22T22:56:00Z,2026-02-23T09:35:00Z,640
btcusdt_0249,BTCUSDT,2026-02-23T01:04:00Z,2026-02-23T11:43:00Z,640
btcusdt_0250,BTCUSDT,2026-02-23T03:12:00Z,2026-02-23T13:51:00Z,640
btcusdt_0251,BTCUSDT,2026-02-23T05:20:00Z,2026-02-23T15:59:00Z,640
btcusdt_0252,BTCUSDT,2026-02-23T07:28:00Z,2026-02-23T18:07:00Z,640
btcusdt_0253,BTCUSDT,2026-02-23T09:36:00Z,2026-02-23T20:15:00Z,640
btcusdt_0254,BTCUSDT,2026-02-23T11:44:00Z,2026-02-23T22:23:00Z,640
btcusdt_0255,BTCUSDT,2026-02-23T13:52:00Z,2026-02-24T00:31:00Z,640
btcusdt_0256,BTCUSDT,2026-02-23T16:00:00Z,2026-02-24T02:39:00Z,640
btcusdt_0257,BTCUSDT,2026-02-23T18:08:00Z,2026-02-24T04:47:00Z,640
btcusdt_0258,BTCUSDT,2026-02-23T20:16:00Z,2026-02-24T06:55:00Z,640
btcusdt_0259,BTCUSDT,2026-02-23T22:24:00Z,2026-02-24T09:03:00Z,640
btcusdt_0260,BTCUSDT,2026-02-24T00:32:00Z,2026-02-24T11:11:00Z,640
btcusdt_0261,BTCUSDT,2026-02-24T02:40:00Z,2026-02-24T13:19:00Z,640
btcusdt_0262,BTCUSDT,2026-02-24T04:48:00Z,2026-02-24T15:27:00Z,640
btcusdt_0263,BTCUSDT,2026-02-24T06:56:00Z,2026-02-24T17:35:00Z,640
btcusdt_0264,BTCUSDT,2026-02-24T09:04:00Z,2026-02-24T19:43:00Z,640
btcusdt_0265,BTCUSDT,2026-02-24T11:12:00Z,2026-02-24T21:51:00Z,640
btcusdt_0266,BTCUSDT,2026-02-24T13:20:00Z,2026-02-24T23:59:00Z,640
btcusdt_0267,BTCUSDT,2026-02-24T15:28:00Z,2026-02-25T02:07:00Z,640
btcusdt_0268,BTCUSDT,2026-02-24T17:36:00Z,2026-02-25T04:15:00Z,640
btcusdt_0269,BTCUSDT,2026-02-24T19:44:00Z,2026-02-25T06:23:00Z,640
btcusdt_0270,BTCUSDT,2026-02-24T21:52:00Z,2026-02-25T08:31:00Z,640
btcusdt_0271,BTCUSDT,2026-02-25T00:00:00Z,2026-02-25T10:39:00Z,640
btcusdt_0272,BTCUSDT,2026-02-25T02:08:00Z,2026-02-25T12:47:00Z,640
btcusdt_0273,BTCUSDT,2026-02-25T04:16:00Z,2026-02-25T14:55:00Z,640
btcusdt_0274,BTCUSDT,2026-02-25T06:24:00Z,2026-02-25T17:03:00Z,640
btcusdt_0275,BTCUSDT,2026-02-25T08:32:00Z,2026-02-25T19:11:00Z,640
btcusdt_0276,BTCUSDT,2026-02-25T10:40:00Z,2026-02-25T21:19:00Z,640
btcusdt_0277,BTCUSDT,2026-02-25T12:48:00Z,2026-02-25T23:27:00Z,640
btcusdt_0278,BTCUSDT,2026-02-25T14:56:00Z,2026-02-26T01:35:00Z,640
btcusdt_0279,BTCUSDT,2026-02-25T17:04:00Z,2026-02-26T03:43:00Z,640
btcusdt_0280,BTCUSDT,2026-02-25T19:12:00Z,2026-02-26T05:51:00Z,640
btcusdt_0281,BTCUSDT,2026-02-25T21:20:00Z,2026-02-26T07:59:00Z,640
btcusdt_0282,BTCUSDT,2026-02-25T23:28:00Z,2026-02-26T10:07:00Z,640
btcusdt_0283,BTCUSDT,2026-02-26T01:36:00Z,2026-02-26T12:15:00Z,640
btcusdt_0284,BTCUSDT,2026-02-26T03:44:00Z,2026-02-26T14:23:00Z,640
btcusdt_0285,BTCUSDT,2026-02-26T05:52:00Z,2026-02-26T16:31:00Z,640
btcusdt_0286,BTCUSDT,2026-02-26T08:00:00Z,2026-02-26T18:39:00Z,640
btcusdt_0287,BTCUSDT,2026-02-26T10:08:00Z,2026-02-26T20:47:00Z,640
btcusdt_0288,BTCUSDT,2026-02-26T12:16:00Z,2026-02-26T22:55:00Z,640
btcusdt_0289,BTCUSDT,2026-02-26T14:24:00Z,2026-02-27T01:03:00Z,640
btcusdt_0290,BTCUSDT,2026-02-26T16:32:00Z,2026-02-27T03:11:00Z,640
btcusdt_0291,BTCUSDT,2026-02-26T18:40:00Z,2026-02-27T05:19:00Z,640
btcusdt_0292,BTCUSDT,2026-02-26T20:48:00Z,2026-02-27T07:27:00Z,640
btcusdt_0293,BTCUSDT,2026-02-26T22:56:00Z,2026-02-27T09:35:00Z,640
btcusdt_0294,BTCUSDT,2026-02-27T01:04:00Z,2026-02-27T11:43:00Z,640
btcusdt_0295,BTCUSDT,2026-02-27T03:12:00Z,2026-02-27T13:51:00Z,640
btcusdt_0296,BTCUSDT,2026-02-27T05:20:00Z,2026-02-27T15:59:00Z,640
btcusdt_0297,BTCUSDT,2026-02-27T07:28:00Z,2026-02-27T18:07:00Z,640
btcusdt_0298,BTCUSDT,2026-02-27T09:36:00Z,2026-02-27T20:15:00Z,640
btcusdt_0299,BTCUSDT,2026-02-27T11:44:00Z,2026-02-27T22:23:00Z,640
btcusdt_0300,BTCUSDT,2026-02-27T13:52:00Z,2026-02-28T00:31:00Z,640
btcusdt_0301,BTCUSDT,2026-02-27T16:00:00Z,2026-02-28T02:39:00Z,640
btcusdt_0302,BTCUSDT,2026-02-27T18:08:00Z,2026-02-28T04:47:00Z,640
btcusdt_0303,BTCUSDT,2026-02-27T20:16:00Z,2026-02-28T06:55:00Z,640
btcusdt_0304,BTCUSDT,2026-02-27T22:24:00Z,2026-02-28T09:03:00Z,640
btcusdt_0305,BTCUSDT,2026-02-28T00:32:00Z,2026-02-28T11:11:00Z,640
btcusdt_0306,BTCUSDT,2026-02-28T02:40:00Z,2026-02-28T13:19:00Z,640
btcusdt_0307,BTCUSDT,2026-02-28T04:48:00Z,2026-02-28T15:27:00Z,640
btcusdt_0308,BTCUSDT,2026-02-28T06:56:00Z,2026-02-28T17:35:00Z,640
btcusdt_0309,BTCUSDT,2026-02-28T09:04:00Z,2026-02-28T19:43:00Z,640
btcusdt_0310,BTCUSDT,2026-02-28T11:12:00Z,2026-02-28T21:51:00Z,640
btcusdt_0311,BTCUSDT,2026-02-28T13:20:00Z,2026-02-28T23:59:00Z,640
